artist,num_albums,first_hit_date,last_hit_date,first_hit_year,decade_cohort,decade_cohort_label,career_span_days,avg_gap_years,hits_first_10_years
112,5,1996-09-14,2005-04-16,1996,1990,1990s,3136,2.1464750171115674,5
2 Chainz,5,2012-09-01,2018-02-24,2012,2010,2010s,2002,1.3702943189596166,5
2Pac,12,1992-02-29,2007-09-01,1992,1990,1990s,5663,1.4094953643208263,6
50 Cent,7,2003-01-25,2014-06-21,2003,2000,2000s,4165,1.9005247547342004,6
5th Ward Boyz,5,1993-05-29,1999-09-18,1993,1990,1990s,2303,1.5763175906913074,5
702,3,1996-10-26,2003-04-12,1996,1990,1990s,2359,3.2292950034223136,3
8Ball,5,1998-06-06,2012-08-11,1998,1990,1990s,5180,3.5455167693360714,4
8Ball & MJG,9,1994-03-05,2010-05-22,1994,1990,1990s,5922,2.026694045174538,5
A Boogie Wit da Hoodie,4,2016-11-19,2018-07-07,2016,2010,2010s,595,0.5430070727812001,4
A Taste Of Honey,4,1978-06-24,1982-05-08,1978,1970,1970s,1414,1.2904403376682636,4
A Tribe Called Quest,6,1990-06-02,2016-12-03,1990,1990,1990s,9681,5.3010266940451745,5
A$AP Ferg,3,2013-09-07,2017-09-09,2013,2010,2010s,1463,2.002737850787132,3
A$AP Rocky,3,2013-02-02,2018-06-09,2013,2010,2010s,1953,2.673511293634497,3
AB-Soul,3,2012-05-26,2016-12-31,2012,2010,2010s,1680,2.299794661190965,3
AZ,6,1995-10-28,2008-04-19,1995,1990,1990s,4557,2.495277207392197,5
Aaliyah,4,1994-06-11,2002-12-28,1994,1990,1990s,3122,2.8491900524754734,4
Aaron Neville,3,2006-10-07,2016-08-06,2006,2000,2000s,3591,4.915811088295688,3
Above The Law,6,1990-04-28,1998-03-14,1990,1990,1990s,2877,1.575359342915811,6
Ace Hood,3,2009-07-18,2013-08-03,2009,2000,2000s,1477,2.021902806297057,3
Action Bronson,3,2013-06-29,2017-09-16,2013,2010,2010s,1540,2.108145106091718,3
Aesop Rock,3,2007-09-15,2016-05-21,2007,2000,2000s,3171,4.3408624229979464,3
After 7,4,1989-10-14,2016-11-05,1989,1980,1980s,9884,9.02030572667123,3
Akon,3,2004-07-17,2008-12-20,2004,2000,2000s,1617,2.213552361396304,3
Al B. Sure!,4,1988-05-21,2009-07-11,1988,1980,1980s,7721,7.0463153091489845,3
Al Green,15,1971-05-01,2008-06-14,1971,1970,1970s,13559,2.65160848733744,12
Al Jarreau,7,1977-07-02,1994-06-11,1977,1970,1970s,6188,2.8236367784622405,4
Albert King,6,1968-11-30,1976-03-20,1968,1960,1960s,2667,1.4603696098562629,6
Alex Bugnon,3,1989-05-13,1993-06-19,1989,1980,1980s,1498,2.0506502395619437,3
Alexander O'Neal,4,1985-04-27,1993-02-27,1985,1980,1980s,2863,2.6128222678530686,4
Alicia Keys,8,2001-07-14,2016-11-26,2001,2000,2000s,5614,2.1957563312799455,5
Amel Larrieux,4,2000-03-04,2007-06-09,2000,2000,2000s,2653,2.4211727127538216,4
Amerie,3,2002-08-17,2009-11-21,2002,2000,2000s,2653,3.6317590691307324,3
Amy Winehouse,3,2007-03-31,2011-12-24,2007,2000,2000s,1729,2.3668720054757015,3
Angela Bofill,7,1979-02-24,1989-01-07,1979,1970,1970s,3605,1.6449920146018708,7
Angela Winbush,3,1987-10-31,1994-04-02,1987,1980,1980s,2345,3.2101300479123887,3
Angie Stone,7,1999-10-16,2015-11-28,1999,1990,1990s,5887,2.686287930641113,4
Anita Baker,8,1983-09-10,2005-12-17,1983,1980,1980s,8134,3.1813826146475015,4
Ann Nesby,3,1996-09-07,2007-10-13,1996,1990,1990s,4053,5.5482546201232035,2
Ant Banks,4,1993-04-17,1997-07-26,1993,1990,1990s,1561,1.4245950262377367,4
Anthony David,3,2008-07-12,2012-12-01,2008,2000,2000s,1603,2.194387405886379,3
Anthony Hamilton,8,2003-10-11,2016-04-16,2003,2000,2000s,4571,1.7878165639972623,6
Archie Bell & The Drells,4,1968-06-08,1979-10-20,1968,1960,1960s,4151,3.7882728724617842,3
Aretha Franklin,40,1965-01-30,2018-10-13,1965,1960,1960s,19614,1.3769283420207445,19
Arrested Development,3,1992-05-02,1994-07-02,1992,1990,1990s,791,1.0828199863107462,3
Arthur Prysock,3,1965-09-04,1977-02-12,1965,1960,1960s,4179,5.7207392197125255,2
Ashanti,6,2002-04-20,2014-03-22,2002,2000,2000s,4354,2.3841204654346337,5
Ashford & Simpson,13,1973-11-24,1989-04-08,1973,1970,1970s,5614,1.2808578599133014,10
Atlantic Starr,8,1978-09-02,1992-02-29,1978,1970,1970s,4928,1.9274469541409993,6
Atmosphere,6,2008-05-10,2016-09-03,2008,2000,2000s,3038,1.6635181382614648,6
August Alsina,3,2013-09-07,2016-01-02,2013,2010,2010s,847,1.159479808350445,3
Aurra,3,1981-06-27,1983-03-05,1981,1980,1980s,616,0.8432580424366872,3
Avant,8,2000-05-27,2015-10-17,2000,2000,2000s,5621,2.198494182067077,5
Average White Band,9,1975-01-04,1980-06-21,1975,1970,1970s,1995,0.6827515400410678,9
B-Legit,4,1996-12-14,2015-05-02,1996,1990,1990s,6713,6.126397444672598,3
B.B. King,17,1965-05-01,1985-11-16,1965,1960,1960s,7504,1.2840520191649556,10
B.G.,10,1997-07-19,2009-12-26,1997,1990,1990s,4543,1.3820062362156817,9
B.T. Express,6,1974-12-07,1980-05-24,1974,1970,1970s,1995,1.0924024640657084,6
B.o.B,5,2010-05-15,2017-02-04,2010,2010,2010s,2457,1.6817248459958931,5
B2K,4,2002-03-30,2003-07-26,2002,2000,2000s,483,0.4407939767282683,4
BLACKstreet,4,1994-07-09,2003-03-29,1994,1990,1990s,3185,2.9066849190052473,4
Baby Bash,5,2003-10-11,2011-04-09,2003,2000,2000s,2737,1.8733744010951403,5
Babyface,9,1987-08-08,2015-12-26,1987,1980,1980s,10367,3.5479123887748116,4
Barkays,12,1976-11-20,1989-03-18,1976,1970,1970s,4501,1.1202787629892352,10
Barry White,18,1973-05-05,1999-08-14,1973,1970,1970s,9597,1.5455972943592222,13
Bas,3,2014-05-17,2018-09-08,2014,2010,2010s,1575,2.1560574948665296,3
BeBe & CeCe Winans,5,1989-02-25,2009-10-24,1989,1980,1980s,7546,5.1649555099247095,4
BeBe Winans,3,1997-11-15,2012-07-28,1997,1990,1990s,5369,7.349760438056126,2
Beanie Sigel,7,2000-03-18,2012-09-15,2000,2000,2000s,4564,2.082591832078485,6
Beastie Boys,7,1986-12-06,2011-05-21,1986,1980,1980s,8932,4.0757472051106545,4
Bee Gees,3,1976-10-09,1979-02-24,1976,1970,1970s,868,1.1882272416153319,3
Beenie Man,5,1998-04-04,2006-09-16,1998,1990,1990s,3087,2.1129363449691994,5
Bell Biv DeVoe,4,1990-04-14,2017-02-18,1990,1990,1990s,9807,8.950034223134839,3
Benzino,3,2001-11-17,2005-03-12,2001,2000,2000s,1211,1.6577686516084873,3
Berner,3,2015-01-24,2017-01-07,2015,2010,2010s,714,0.9774127310061602,3
Berner & B-Real,3,2014-11-01,2016-12-03,2014,2010,2010s,763,1.0444900752908965,3
Betty Wright,3,1972-03-18,1988-05-28,1972,1970,1970s,5915,8.097193702943189,2
Beyonce,11,2003-07-12,2016-05-14,2003,2000,2000s,4690,1.2840520191649554,8
Big Boi,3,2010-07-24,2017-07-08,2010,2010,2010s,2541,3.478439425051335,3
Big Daddy Kane,6,1988-07-23,1994-10-01,1988,1980,1980s,2261,1.2380561259411362,6
Big K.R.I.T.,4,2012-06-23,2017-11-18,2012,2010,2010s,1974,1.8015058179329226,4
Big Mike,3,1994-07-16,1999-06-12,1994,1990,1990s,1792,2.4531143052703626,3
Big Sean,4,2011-07-16,2017-02-25,2011,2010,2010s,2051,1.8717773214693132,4
Big Tymers,5,1998-03-14,2003-12-27,1998,1990,1990s,2114,1.4469541409993156,5
Bilal,4,2001-08-18,2015-07-18,2001,2000,2000s,5082,4.63791923340178,2
Bill Cosby,11,1967-06-10,1983-01-15,1967,1960,1960s,5698,1.5600273785078713,10
Bill Withers,6,1971-06-19,1977-11-05,1971,1970,1970s,2331,1.2763860369609856,6
Billy Cobham,3,1974-05-18,1975-11-29,1974,1970,1970s,560,0.7665982203969883,3
Billy Ocean,4,1981-07-18,1988-03-26,1981,1980,1980s,2443,2.2295231576545746,4
Billy Paul,8,1970-08-01,1978-01-14,1970,1970,1970s,2723,1.0650239561943875,8
Billy Preston,7,1965-06-26,1975-07-26,1965,1960,1960s,3682,1.680127766370066,6
Birdman,3,2005-07-09,2009-12-12,2005,2000,2000s,1617,2.213552361396304,3
Bizzy Bone,6,1998-10-24,2010-09-11,1998,1990,1990s,4340,2.376454483230664,5
Black Moon,3,1993-11-13,1999-04-03,1993,1990,1990s,1967,2.6926762491444216,3
Blaze Ya Dead Homie,3,2010-07-10,2016-02-06,2010,2010,2010s,2037,2.7885010266940453,3
Bloodstone,5,1973-05-12,1982-07-17,1973,1970,1970s,3353,2.295003422313484,5
Blue Magic,3,1974-03-02,1975-10-11,1974,1970,1970s,588,0.8049281314168378,3
Bob James,4,1975-05-03,1981-10-03,1975,1970,1970s,2345,2.140086698608259,4
Bob Marley,3,1981-11-14,1999-12-04,1981,1980,1980s,6594,9.026694045174539,1
Bob Marley And The Wailers,5,1976-05-22,2011-02-19,1976,1970,1970s,12691,8.686516084873375,4
Bobby Bland,11,1966-10-15,1984-09-15,1966,1960,1960s,6545,1.7919233401779604,6
Bobby Brown,5,1986-12-06,1997-11-22,1986,1980,1980s,4004,2.7405886379192332,4
Bobby V,3,2009-02-28,2012-11-03,2009,2000,2000s,1344,1.839835728952772,3
Bobby Womack,13,1969-01-25,2012-06-30,1969,1960,1960s,15862,3.6189824321241155,9
Bone Thugs-N-Harmony,12,1994-07-23,2013-12-28,1994,1990,1990s,7098,1.766660444278514,7
Boney James,6,1999-03-13,2011-04-16,1999,1990,1990s,4417,2.4186173853524986,5
Boogie Down Productions,5,1988-05-14,1992-03-21,1988,1980,1980s,1407,0.9630390143737166,5
Booker T. & The MG's,8,1966-12-03,1971-01-30,1966,1960,1960s,1519,0.5941136208076659,8
Boosie BadAzz,8,2014-11-15,2016-12-31,2014,2010,2010s,777,0.30390143737166325,8
Bootsy's Rubber Band,3,1977-02-12,1979-07-14,1977,1970,1970s,882,1.2073921971252566,3
Bow Wow,4,2003-09-06,2009-04-18,2003,2000,2000s,2051,1.8717773214693132,4
Boyz II Men,12,1991-06-15,2014-11-08,1991,1990,1990s,8547,2.1273100616016425,6
Brand Nubian,4,1991-03-30,1998-10-17,1991,1990,1990s,2758,2.5169974903034453,4
Brandy,6,1994-10-15,2012-11-03,1994,1990,1990s,6594,3.6106776180698157,4
Brass Construction,9,1976-02-21,1984-08-25,1976,1970,1970s,3108,1.0636550308008215,9
Brian Culbertson,3,2003-07-12,2010-08-07,2003,2000,2000s,2583,3.5359342915811087,3
Brian McKnight,16,1992-08-22,2016-10-15,1992,1990,1990s,8820,1.6098562628336757,6
Brick,5,1976-11-13,1981-09-12,1976,1970,1970s,1764,1.2073921971252566,5
Brotha Lynch Hung,7,1995-03-18,2013-02-23,1995,1990,1990s,6552,2.989733059548255,4
Brother Jack McDuff,4,1966-08-20,1969-12-20,1966,1960,1960s,1218,1.111567419575633,4
Bubba Sparxxx,3,2001-10-27,2006-04-22,2001,2000,2000s,1638,2.242299794661191,3
Buddy Miles,6,1970-09-05,1975-08-30,1970,1970,1970s,1820,0.9965776865160849,6
Bun-B,4,2005-11-05,2013-11-30,2005,2000,2000s,2947,2.6894820898927674,4
Busta Rhymes,8,1996-04-13,2009-06-06,1996,1990,1990s,4802,1.8781656399726214,6
C-BO,8,1994-09-03,2003-08-09,1994,1990,1990s,3262,1.2758384668035592,8
C-Murder,8,1998-04-04,2008-07-19,1998,1990,1990s,3759,1.4702258726899384,7
Calvin Richardson,5,2003-09-27,2014-10-18,2003,2000,2000s,4039,2.7645448323066395,4
Cam'ron,7,1998-08-08,2014-07-19,1998,1990,1990s,5824,2.6575404973762264,5
Cameo,14,1977-08-13,1990-07-21,1977,1970,1970s,4725,0.9951034591691675,12
Candi Staton,5,1970-07-18,1979-07-14,1970,1970,1970s,3283,2.247091033538672,5
Canibus,3,1998-09-26,2003-08-09,1998,1990,1990s,1778,2.433949349760438,3
Cannonball Adderley,5,1967-06-10,1975-08-30,1967,1960,1960s,3003,2.055441478439425,5
Capone -N- Noreaga,5,1997-07-05,2015-08-15,1997,1990,1990s,6615,4.5277207392197125,2
Carl Carlton,4,1975-01-18,1985-11-02,1975,1970,1970s,3941,3.5966233173625373,3
Carl Thomas,4,2000-05-06,2011-12-24,2000,2000,2000s,4249,3.877709331508099,3
Carla Thomas,4,1966-03-12,1969-06-28,1966,1960,1960s,1204,1.0987907825690166,4
Carrie Lucas,3,1979-06-02,1985-09-07,1979,1970,1970s,2289,3.13347022587269,3
Case,5,1996-08-31,2015-04-18,1996,1990,1990s,6804,4.657084188911704,3
Cassidy,4,2004-04-03,2010-12-04,2004,2000,2000s,2436,2.223134839151266,4
CeCe Winans,4,1998-04-04,2008-04-19,1998,1990,1990s,3668,3.347478895733516,3
Cee Lo Green,3,2010-11-27,2015-11-28,2010,2010,2010s,1827,2.5010266940451746,3
Celly Cel,3,1994-05-14,1998-08-15,1994,1990,1990s,1554,2.127310061601643,3
Ces Cru,4,2012-09-15,2015-11-21,2012,2010,2010s,1162,1.0604608715491672,4
Chaka Khan,9,1978-11-11,2007-10-13,1978,1970,1970s,10563,3.614989733059548,6
Change,5,1980-05-10,1984-05-05,1980,1980,1980s,1456,0.9965776865160849,5
Changing Faces,3,1994-09-10,2000-10-28,1994,1990,1990s,2240,3.0663928815879533,3
Chante Moore,6,1992-11-07,2013-08-17,1992,1990,1990s,7588,4.154962354551676,4
Charles Earland,4,1970-06-27,1976-04-17,1970,1970,1970s,2121,1.9356605065023957,4
Charles Wright,3,1969-05-24,1971-06-12,1969,1960,1960s,749,1.0253251197809718,3
Charlie Wilson,7,2001-02-24,2017-03-11,2001,2000,2000s,5859,2.673511293634497,4
Cherrelle,3,1984-07-07,1988-12-10,1984,1980,1980s,1617,2.213552361396304,3
Cheryl Lynn,4,1978-11-18,1984-01-21,1978,1970,1970s,1890,1.7248459958932238,4
Chic,6,1978-01-14,1992-05-23,1978,1970,1970s,5243,2.8709103353867214,5
Chico DeBarge,4,1986-11-15,2009-08-01,1986,1980,1980s,8295,7.57015742642026,1
Chief Keef,5,2013-01-05,2017-12-23,2013,2010,2010s,1813,1.2409308692676249,5
Childish Gambino,4,2011-12-03,2016-12-24,2011,2010,2010s,1848,1.6865160848733745,4
Chingy,4,2003-08-02,2008-01-05,2003,2000,2000s,1617,1.4757015742642026,4
Chocolate Milk,4,1975-10-25,1981-12-12,1975,1970,1970s,2240,2.0442619210586357,4
Chris Brown,8,2005-12-17,2017-11-18,2005,2000,2000s,4354,1.702943189596167,6
Chris Webby,3,2011-12-17,2014-11-15,2011,2010,2010s,1064,1.4565366187542779,3
Chrisette Michele,6,2007-07-07,2016-07-02,2007,2000,2000s,3283,1.7976728268309377,6
Christopher Williams,3,1989-09-30,1995-03-18,1989,1980,1980s,1995,2.731006160164271,3
Chubb Rock,3,1991-02-09,1992-10-03,1991,1990,1990s,602,0.8240930869267625,3
Ciara,6,2004-10-16,2015-05-23,2004,2000,2000s,3871,2.1196440793976725,5
Clarence Carter,6,1969-02-22,1987-12-12,1969,1960,1960s,6867,3.760164271047228,3
Clipse,3,2002-09-07,2009-12-26,2002,2000,2000s,2667,3.650924024640657,3
Color Me Badd,3,1991-08-31,1996-06-01,1991,1990,1990s,1736,2.3764544832306638,3
Commodores,13,1974-09-07,1986-11-22,1974,1970,1970s,4459,1.0173397216518365,11
Common,9,1997-10-18,2016-11-26,1997,1990,1990s,6979,2.3884325804243667,5
Compton's Most Wanted,3,1990-08-04,1992-10-31,1990,1990,1990s,819,1.1211498973305956,3
ConFunkShun,10,1977-10-15,1986-08-02,1977,1970,1970s,3213,0.9774127310061602,10
Corinne Bailey Rae,4,2006-08-26,2016-06-04,2006,2000,2000s,3570,3.2580424366872003,4
Cormega,4,2001-08-11,2014-08-09,2001,2000,2000s,4746,4.331279945242984,3
Creedence Clearwater Revival,4,1969-09-27,1971-01-23,1969,1960,1960s,483,0.4407939767282683,4
Curren$Y,6,2010-07-31,2015-12-26,2010,2010,2010s,1974,1.0809034907597534,6
Curtis Mayfield,13,1970-10-10,1996-10-19,1970,1970,1970s,9506,2.168834131873146,11
Cypress Hill,9,1991-12-07,2010-05-08,1991,1990,1990s,6727,2.3021902806297057,6
D.J. Jazzy Jeff & The Fresh Prince,4,1987-03-14,1991-08-03,1987,1980,1980s,1603,1.462924937257586,4
DJ Clue,4,1999-01-02,2007-01-06,1999,1990,1990s,2926,2.670317134382843,4
DJ Drama,3,2011-10-29,2016-08-13,2011,2010,2010s,1750,2.3956194387405887,3
DJ KaySlay,3,2003-06-07,2010-02-27,2003,2000,2000s,2457,3.3634496919917862,3
DJ Khaled,10,2006-06-24,2017-07-15,2006,2000,2000s,4039,1.2286865921362842,8
DJ Paul,4,2002-06-15,2015-11-21,2002,2000,2000s,4907,4.478211270819074,2
DJ Quik,9,1991-03-16,2014-11-01,1991,1990,1990s,8631,2.953798767967146,5
DJ Skribble,3,2008-06-28,2009-08-08,2008,2000,2000s,406,0.5557837097878165,3
DMX,10,1998-06-06,2015-01-31,1998,1990,1990s,6083,1.8504829264582858,7
Da Brat,4,1994-07-16,2003-08-02,1994,1990,1990s,3304,3.0152863335614875,4
Danity Kane,3,2006-09-09,2014-11-15,2006,2000,2000s,2989,4.091718001368926,3
Daryl Hall John Oates,6,1976-12-11,1988-06-11,1976,1970,1970s,4200,2.299794661190965,5
Das EFX,4,1992-05-02,1998-04-11,1992,1990,1990s,2170,1.9803787360255534,4
Dave East,4,2016-10-22,2018-08-11,2016,2010,2010s,658,0.6005019393109742,4
Dave Hollister,8,1999-06-12,2016-10-01,1999,1990,1990s,6321,2.4722792607802875,6
David Banner,5,2003-06-07,2017-06-10,2003,2000,2000s,5117,3.5023956194387407,4
David Ruffin,9,1969-06-21,1979-10-13,1969,1960,1960s,3766,1.2888432580424367,8
David Sanborn,7,1980-04-26,1994-06-25,1980,1980,1980s,5173,2.3604836869723935,6
Daz Dillinger,3,1998-04-18,2008-08-30,1998,1990,1990s,3787,5.184120465434634,2
Dazz Band,7,1981-08-15,1986-09-13,1981,1980,1980s,1855,0.8464522016883413,7
De La Soul,8,1989-03-25,2016-09-17,1989,1980,1980s,10038,3.9260780287474333,4
Debarge,3,1982-12-11,1985-03-30,1982,1980,1980s,840,1.1498973305954825,3
Deborah Cox,5,1995-10-28,2008-11-29,1995,1990,1990s,4781,3.272416153319644,3
Dem Franchize Boyz,3,2004-10-02,2008-10-18,2004,2000,2000s,1477,2.021902806297057,3
Deniece Williams,8,1976-11-06,1987-06-13,1976,1970,1970s,3871,1.514031485284052,7
Denise LaSalle,4,1972-02-12,1990-09-01,1972,1970,1970s,6776,6.183892311202373,1
Dennis Coffey,3,1971-11-20,1976-02-07,1971,1970,1970s,1540,2.108145106091718,3
Destiny's Child,8,1998-03-07,2013-02-16,1998,1990,1990s,5460,2.135523613963039,7
Detroit Emeralds,3,1971-06-05,1973-04-21,1971,1970,1970s,686,0.9390828199863107,3
Devin The Dude,8,1998-07-04,2013-11-02,1998,1990,1990s,5600,2.190280629705681,4
Diana Ross,25,1970-07-18,2018-01-27,1970,1970,1970s,17360,1.9803787360255534,14
Diana Ross & The Supremes,4,1968-12-07,1969-12-13,1968,1960,1960s,371,0.33858088067533654,4
Digital Underground,5,1990-04-21,1996-06-22,1990,1990,1990s,2254,1.5427789185489391,5
Dilated Peoples,5,2000-06-10,2014-08-30,2000,2000,2000s,5194,3.5550992470910336,4
Dionne Warwick,25,1965-02-06,1987-09-12,1965,1960,1960s,8253,0.9414784394250514,16
Dirty,5,2001-03-17,2007-06-30,2001,2000,2000s,2296,1.571526351813826,5
Dizzy Wright,5,2013-09-07,2016-07-23,2013,2010,2010s,1050,0.7186858316221766,5
Do Or Die,7,1996-09-21,2006-04-15,1996,1990,1990s,3493,1.593885466575405,7
Dom Kennedy,3,2011-07-16,2015-06-20,2011,2010,2010s,1435,1.9644079397672827,3
Donald Byrd,6,1969-03-22,1977-02-19,1969,1960,1960s,2891,1.583025325119781,6
Donell Jones,6,1996-06-22,2013-07-27,1996,1990,1990s,6244,3.4190280629705683,3
Donna Summer,14,1975-11-22,2013-11-09,1975,1970,1970s,13867,2.920444374243142,11
Donnie McClurkin,4,2001-03-03,2009-04-18,2001,2000,2000s,2968,2.7086470454026923,4
Donny Hathaway,4,1971-05-22,1973-07-28,1971,1970,1970s,798,0.7282683093771389,4
Dr. Dre,5,1993-01-02,2015-08-29,1993,1990,1990s,8274,5.663244353182751,4
Drake,8,2009-10-03,2018-07-14,2009,2000,2000s,3206,1.2539356605065024,8
Drama,3,2000-02-26,2009-06-06,2000,2000,2000s,3388,4.63791923340178,3
Dru Hill,5,1996-12-07,2010-08-14,1996,1990,1990s,4998,3.4209445585215605,4
Dwele,5,2003-06-07,2012-09-15,2003,2000,2000s,3388,2.31895961670089,5
E-40,29,1993-10-16,2016-12-10,1993,1990,1990s,8456,0.8268309377138946,8
E-40 And Too $hort,3,2012-11-24,2012-11-24,2012,2010,2010s,0,0.0,3
EPMD,6,1988-06-25,1999-08-07,1988,1980,1980s,4060,2.223134839151266,5
Earl Klugh,9,1977-07-23,1985-06-01,1977,1970,1970s,2870,0.9822039698836413,9
Earl Sweatshirt,3,2013-09-07,2018-12-15,2013,2010,2010s,1925,2.6351813826146473,3
"Earth, Wind & Fire",22,1971-05-08,2016-01-02,1971,1970,1970s,16310,2.1263974446725986,11
Eazy-E,5,1988-12-03,1996-02-17,1988,1980,1980s,2632,1.8015058179329226,5
Eddie Harris,11,1966-11-05,1975-10-18,1966,1960,1960s,3269,0.895003422313484,11
Eddie Kendricks,9,1971-05-15,1978-04-01,1971,1970,1970s,2513,0.8600273785078714,9
Eddie Murphy,4,1982-09-11,1989-09-09,1982,1980,1980s,2555,2.3317362537075064,4
Edwin Starr,3,1969-05-17,1979-02-03,1969,1960,1960s,3549,4.8583162217659135,3
El DeBarge,4,1986-06-14,2010-12-18,1986,1980,1980s,8953,8.170659365731234,3
Ella Mai,3,2016-12-10,2018-10-27,2016,2010,2010s,686,0.9390828199863107,3
Elliott Yamin,4,2007-04-07,2012-04-28,2007,2000,2000s,1848,1.6865160848733745,4
Emeli Sande,4,2012-06-23,2016-12-03,2012,2010,2010s,1624,1.4820898927675108,4
Eminem,10,1999-03-13,2018-09-15,1999,1990,1990s,7126,2.167769412122595,5
En Vogue,5,1990-05-05,2000-06-10,1990,1990,1990s,3689,2.5249828884325805,4
Enchantment,3,1977-02-19,1979-03-24,1977,1970,1970s,763,1.0444900752908965,3
Eric B. & Rakim,4,1987-08-15,1992-07-18,1987,1980,1980s,1799,1.6417978553502168,4
Eric Benet,7,1997-05-17,2016-10-29,1997,1990,1990s,7105,3.24207164042893,3
Erick Sermon,5,1993-11-06,2004-07-10,1993,1990,1990s,3899,2.668720054757016,4
Erykah Badu,8,1997-03-01,2015-12-19,1997,1990,1990s,6867,2.685831622176591,4
Estelle,3,2008-05-17,2015-03-07,2008,2000,2000s,2485,3.401779603011636,3
Esther Phillips,7,1970-11-28,1977-01-15,1970,1970,1970s,2240,1.0221309605293178,7
Etta James,3,1968-03-16,2012-02-11,1968,1960,1960s,16037,21.953456536618756,1
Eve,4,1999-10-02,2013-06-01,1999,1990,1990s,4991,4.554871092858773,3
"Evelyn ""Champagne"" King",8,1978-06-10,1988-06-11,1978,1970,1970s,3654,1.429158110882957,7
FLiP,4,1967-08-26,1971-01-16,1967,1960,1960s,1239,1.1307323750855578,4
Fabolous,7,2001-09-29,2015-01-10,2001,2000,2000s,4851,2.213552361396304,6
Faith Evans,6,1995-09-16,2014-12-13,1995,1990,1990s,7028,3.8483230663928816,4
Fantasia,5,2004-12-11,2016-08-20,2004,2000,2000s,4270,2.922655715263518,4
Fat Boys,5,1984-12-08,1988-07-30,1984,1980,1980s,1330,0.9103353867214237,5
Fat Joe,9,1995-11-11,2010-08-14,1995,1990,1990s,5390,1.8446269678302532,5
Field Mob,3,2000-12-30,2006-07-08,2000,2000,2000s,2016,2.759753593429158,3
Flo Rida,4,2008-04-05,2015-04-25,2008,2000,2000s,2576,2.350901209217431,4
Floetry,3,2002-10-19,2005-11-26,2002,2000,2000s,1134,1.5523613963039014,3
Force M.D.'s,3,1984-12-01,1987-08-22,1984,1980,1980s,994,1.3607118412046544,3
Four Tops,20,1965-02-27,1985-07-06,1965,1960,1960s,7434,1.0712201448178968,16
Fourplay,4,1991-11-09,2004-07-10,1991,1990,1990s,4627,4.2226785306867445,2
Foxy Brown,4,1996-12-07,2008-05-31,1996,1990,1990s,4193,3.826602783481633,3
Frankie J,3,2003-06-14,2006-11-04,2003,2000,2000s,1239,1.6960985626283367,3
Frayser Boy,3,2003-09-13,2008-06-07,2003,2000,2000s,1729,2.3668720054757015,3
Freddie Hubbard,10,1967-07-08,1976-09-11,1967,1960,1960s,3353,1.0200015210282152,10
Freddie Jackson,10,1985-05-25,2012-02-18,1985,1980,1980s,9765,2.97056810403833,7
Freeway,4,2003-03-15,2012-12-15,2003,2000,2000s,3563,3.2516541181838927,4
Full Force,3,1986-01-18,1987-12-19,1986,1980,1980s,700,0.9582477754962354,3
Funkadelic,11,1970-04-04,1979-10-20,1970,1970,1970s,3486,0.9544147843942505,11
Funkmaster Flex,4,1995-11-25,2000-12-23,1995,1990,1990s,1855,1.6929044033766827,4
Future,8,2012-05-05,2018-07-21,2012,2010,2010s,2268,0.8870636550308008,8
G Unit,4,2003-11-29,2015-03-21,2003,2000,2000s,4130,3.7691079169518598,2
G-Eazy,4,2012-10-13,2018-01-06,2012,2010,2010s,1911,1.7440109514031485,4
GQ,3,1979-03-31,1981-11-28,1979,1970,1970s,973,1.3319644079397672,3
GZA/Genius,3,1999-07-17,2008-09-06,1999,1990,1990s,3339,4.570841889117043,3
Gang Starr,6,1991-03-02,2003-07-12,1991,1990,1990s,4515,2.4722792607802875,5
Gene Chandler,4,1965-12-25,1980-06-28,1965,1960,1960s,5299,4.835957107004335,2
George Benson,16,1969-04-26,2009-09-12,1969,1960,1960s,14749,2.692037417294091,6
George Clinton,6,1982-12-18,2008-10-04,1982,1980,1980s,9422,5.159206023271731,4
George Duke,10,1976-02-21,1995-02-11,1976,1970,1970s,6930,2.108145106091718,8
George Howard,10,1984-08-11,1996-03-16,1984,1980,1980s,4235,1.288310898167161,8
Gerald Albright,4,1987-12-26,2008-07-12,1987,1980,1980s,7504,6.8482774355464295,2
Gerald Levert,10,1991-11-09,2007-03-03,1991,1990,1990s,5593,1.7014221613810936,5
Geto Boys,6,1991-08-03,2005-02-12,1991,1990,1990s,4942,2.706091718001369,5
Ghostface Killah,12,1996-11-16,2015-08-01,1996,1990,1990s,6832,1.7004542343351376,4
Gil Scott-Heron,5,1975-11-22,2010-02-27,1975,1970,1970s,12516,8.566735112936344,4
Gil Scott-Heron & Brian Jackson,3,1975-02-22,1980-03-15,1975,1970,1970s,1848,2.529774127310062,3
Gino Vannelli,4,1975-09-13,1981-05-02,1975,1970,1970s,2058,1.8781656399726214,4
Ginuwine,7,1996-10-26,2011-03-05,1996,1990,1990s,5243,2.3924252794889345,5
Gladys Knight,5,1991-08-03,2014-09-27,1991,1990,1990s,8456,5.7878165639972625,3
Gladys Knight And The Pips,22,1967-10-28,1987-12-19,1967,1960,1960s,7357,0.9591603924252794,16
Glenn Jones,5,1984-11-17,1994-04-16,1984,1980,1980s,3437,2.352498288843258,5
Gloria Gaynor,4,1975-03-15,1979-02-10,1975,1970,1970s,1428,1.3032169746748803,4
Goapele,3,2006-01-14,2014-11-08,2006,2000,2000s,3220,4.407939767282683,3
Goodie Mob,5,1995-11-25,2013-09-14,1995,1990,1990s,6503,4.451060917180014,4
Gorilla Zoe,3,2007-10-13,2011-07-02,2007,2000,2000s,1358,1.8590006844626967,3
Grace Jones,4,1981-05-30,1987-01-31,1981,1980,1980s,2072,1.890942276979238,4
Graham Central Station,6,1974-03-09,1978-06-10,1974,1970,1970s,1554,0.8509240246406572,6
Grand Puba,3,1992-11-14,2001-12-01,1992,1990,1990s,3304,4.522929500342231,3
Gravediggaz,3,1994-08-27,2002-06-15,1994,1990,1990s,2849,3.900068446269678,3
"Grover Washington, Jr.",17,1971-12-18,1992-07-04,1971,1970,1970s,7504,1.2840520191649556,13
Gucci Mane,23,2005-06-11,2018-12-22,2005,2000,2000s,4942,0.6150208450003111,16
Guru,3,1993-06-05,2000-10-21,1993,1990,1990s,2695,3.6892539356605063,3
Guy,3,1988-07-30,2000-02-12,1988,1980,1980s,4214,5.768651608487337,2
Gwen McCrae,3,1975-07-05,1981-12-12,1975,1970,1970s,2352,3.2197125256673513,3
H-Town,3,1993-04-24,1997-11-15,1993,1990,1990s,1666,2.2806297056810405,3
H.E.R.,4,2016-10-01,2018-08-18,2016,2010,2010s,686,0.6260552133242071,4
Hamilton Bohannon,4,1975-05-31,1979-03-03,1975,1970,1970s,1372,1.2521104266484142,4
Harold Melvin And The Blue Notes,6,1972-08-26,1980-03-29,1972,1970,1970s,2772,1.517864476386037,6
Haystak,4,2002-08-10,2009-08-08,2002,2000,2000s,2555,2.3317362537075064,4
Heather Headley,4,2002-10-26,2012-10-13,2002,2000,2000s,3640,3.321925621720283,4
Heatwave,5,1977-07-30,1982-07-17,1977,1970,1970s,1813,1.2409308692676249,5
Heavy D & The Boyz,5,1987-11-07,1994-06-11,1987,1980,1980s,2408,1.648186173853525,5
Heltah Skeltah,3,1996-07-06,2008-10-18,1996,1990,1990s,4487,6.142368240930869,2
Herb Alpert,4,1979-10-20,1987-04-04,1979,1970,1970s,2723,2.485055897786904,4
Herbie Hancock,14,1974-02-16,1984-09-15,1974,1970,1970s,3864,0.8137734954983415,13
Herbie Mann,7,1966-10-22,1979-03-31,1966,1960,1960s,4543,2.073009354323523,6
Hi-Five,3,1991-02-09,1993-11-13,1991,1990,1990s,1008,1.379876796714579,3
Hoodie Allen,3,2012-04-28,2016-02-13,2012,2010,2010s,1386,1.8973305954825461,3
Hopsin,3,2013-12-07,2017-12-16,2013,2010,2010s,1470,2.0123203285420943,3
Hot Boys,3,1997-11-01,2003-04-12,1997,1990,1990s,1988,2.7214236824093088,3
House Of Pain,3,1992-08-29,1996-11-09,1992,1990,1990s,1533,2.0985626283367558,3
Howard Hewett,4,1986-09-20,1995-01-28,1986,1980,1980s,3052,2.7853068674423906,4
Hugh Masekela,5,1967-04-15,1975-08-16,1967,1960,1960s,3045,2.084188911704312,5
Ice Cube,14,1990-06-16,2018-12-22,1990,1990,1990s,10416,2.1936502922129204,9
Ice-T,6,1987-08-29,1996-06-22,1987,1980,1980s,3220,1.7631759069130735,6
Ike & Tina Turner,9,1965-02-06,1974-01-05,1965,1960,1960s,3255,1.1139630390143738,9
Immature,3,1994-08-27,1997-10-11,1994,1990,1990s,1141,1.5619438740588638,3
Incognito,4,1995-06-24,2016-07-16,1995,1990,1990s,7693,7.0207620351357525,1
India.Arie,5,2001-04-14,2013-07-13,2001,2000,2000s,4473,3.0616016427104724,4
Instant Funk,3,1979-02-24,1983-04-30,1979,1970,1970s,1526,2.088980150581793,3
Isaac Hayes,16,1969-07-12,1986-12-13,1969,1960,1960s,6363,1.1613963039014374,13
"Isley, Jasper, Isley",3,1985-01-05,1987-07-04,1985,1980,1980s,910,1.2457221081451062,3
J Moss,3,2004-10-30,2009-09-12,2004,2000,2000s,1778,2.433949349760438,3
J. Cole,6,2011-10-15,2018-05-05,2011,2010,2010s,2394,1.31088295687885,6
JAY-Z,18,1996-07-13,2017-07-29,1996,1990,1990s,7686,1.2378306558763137,12
Ja Rule,9,1999-06-19,2012-12-08,1999,1990,1990s,4921,1.6841204654346338,7
Jadakiss,5,2001-08-25,2015-12-12,2001,2000,2000s,5222,3.574264202600958,4
Jagged Edge,9,1998-03-07,2014-11-15,1998,1990,1990s,6097,2.086584531143053,7
Jaheim,8,2001-03-31,2016-04-09,2001,2000,2000s,5488,2.1464750171115674,6
James Brown,47,1965-04-17,1988-06-25,1965,1960,1960s,8470,0.5041216558045413,37
Jamie Foxx,5,1994-08-06,2015-06-06,1994,1990,1990s,7609,5.20807665982204,1
Janelle Monae,3,2010-06-05,2018-05-12,2010,2010,2010s,2898,3.9671457905544147,3
Janet,4,1997-10-25,2015-10-24,1997,1990,1990s,6573,5.9986310746064335,2
Janet Jackson,8,1982-11-06,2006-10-14,1982,1980,1980s,8743,3.4195756331279945,4
Jarreau,4,1976-09-11,1983-04-16,1976,1970,1970s,2408,2.1975815651380333,4
Jay Rock,3,2011-08-13,2018-06-30,2011,2010,2010s,2513,3.4401095140314855,3
Jazmine Sullivan,3,2008-10-11,2015-01-31,2008,2000,2000s,2303,3.152635181382615,3
Jeezy,4,2014-09-20,2018-01-06,2014,2010,2010s,1204,1.0987907825690166,4
Jeffrey Osborne,7,1982-06-26,2013-02-16,1982,1980,1980s,11193,5.107460643394935,6
Jennifer Holliday,4,1983-10-22,2014-02-08,1983,1980,1980s,11067,10.099931553730322,3
Jennifer Hudson,3,2008-10-18,2014-10-11,2008,2000,2000s,2184,2.9897330595482545,3
Jennifer Lopez,8,1999-06-19,2014-07-05,1999,1990,1990s,5495,2.1492128678986995,6
Jeremih,3,2009-07-18,2015-12-26,2009,2000,2000s,2352,3.2197125256673513,3
Jermaine Jackson,11,1972-08-19,1992-01-04,1972,1970,1970s,7077,1.9375770020533882,7
Jerry Butler,11,1967-02-11,1977-03-19,1967,1960,1960s,3689,1.0099931553730321,10
Jesse Powell,3,1996-04-06,2001-04-14,1996,1990,1990s,1834,2.510609171800137,3
Jhene Aiko,3,2013-11-30,2017-10-14,2013,2010,2010s,1414,1.9356605065023955,3
Jill Scott,9,2000-08-12,2015-08-15,2000,2000,2000s,5481,1.875770020533881,5
Jim Jones,7,2005-09-10,2014-09-27,2005,2000,2000s,3304,1.5076431667807437,7
Jimi Hendrix,5,1967-10-14,1994-05-14,1967,1960,1960s,9709,6.645448323066393,4
Jimmy Caston Bunch,3,1975-04-19,1976-09-25,1975,1970,1970s,525,0.7186858316221766,3
Jimmy Smith,8,1965-05-08,1968-07-06,1965,1960,1960s,1155,0.4517453798767967,8
Jodeci,4,1991-08-17,2015-04-18,1991,1990,1990s,8645,7.889573351585672,3
Jody Watley,4,1987-03-28,1993-11-27,1987,1980,1980s,2436,2.223134839151266,4
Joe,13,1993-09-04,2016-12-03,1993,1990,1990s,8491,1.9372575861282229,4
Joe Budden,7,2003-06-28,2016-11-12,2003,2000,2000s,4886,2.2295231576545746,4
Joe Simon,8,1968-04-27,1979-02-03,1968,1960,1960s,3934,1.538672142368241,7
Joe Tex,7,1965-01-30,1977-05-21,1965,1960,1960s,4494,2.050650239561944,6
John Legend,7,2005-01-15,2018-11-10,2005,2000,2000s,5047,2.302988820442619,5
Johnnie Taylor,15,1967-04-22,2003-07-19,1967,1960,1960s,13237,2.5886379192334017,10
Johnny Gill,5,1990-05-12,2014-12-27,1990,1990,1990s,8995,6.156741957563312,3
Johnny Guitar Watson,7,1975-10-04,1980-07-05,1975,1970,1970s,1736,0.7921514944102213,7
Jon B,5,1995-06-10,2008-11-15,1995,1990,1990s,4907,3.3586584531143053,4
Jonathan Butler,3,1987-06-20,1994-10-01,1987,1980,1980s,2660,3.6413415468856947,3
Jose Feliciano,3,1968-07-20,1969-07-19,1968,1960,1960s,364,0.49828884325804246,3
Joss Stone,7,2004-05-08,2015-08-22,2004,2000,2000s,4123,1.8813597992242757,6
Jr. Walker & The All Stars,10,1965-07-03,1972-01-22,1965,1960,1960s,2394,0.7282683093771389,10
Jurassic 5,3,2000-07-08,2006-08-12,2000,2000,2000s,2226,3.047227926078029,3
Justin Timberlake,4,2002-11-23,2013-10-19,2002,2000,2000s,3983,3.634953228382386,2
Juvenile,9,1998-11-21,2012-07-07,1998,1990,1990s,4977,1.7032854209445585,6
K Camp,3,2014-05-10,2016-09-24,2014,2010,2010s,868,1.1882272416153319,3
K-Ci & JoJo,5,1997-07-05,2013-10-19,1997,1990,1990s,5950,4.072553045859,4
K. Michelle,4,2013-08-31,2017-12-30,2013,2010,2010s,1582,1.4437599817476616,4
KC And The Sunshine Band,5,1975-08-23,2012-07-21,1975,1970,1970s,13482,9.227926078028748,4
KRS-One,6,1993-10-16,2003-07-12,1993,1990,1990s,3556,1.9471594798083505,6
KYLE,3,2013-08-24,2018-06-02,2013,2010,2010s,1743,2.3860369609856265,3
Kane & Abel,3,1996-10-26,1999-10-09,1996,1990,1990s,1078,1.4757015742642026,3
Kanye West,8,2004-02-28,2018-06-16,2004,2000,2000s,5222,2.0424366872005475,6
Karyn White,3,1988-10-15,1994-10-15,1988,1980,1980s,2191,2.9993155373032168,3
Kashif,4,1983-04-09,1987-12-12,1983,1980,1980s,1708,1.5587497148072096,4
KeKe Wyatt,4,2001-12-01,2016-05-14,2001,2000,2000s,5278,4.81679215149441,2
Keith Murray,5,1994-11-26,2007-08-18,1994,1990,1990s,4648,3.1813826146475015,4
Keith Sweat,14,1988-01-09,2016-08-13,1988,1980,1980s,10444,2.1995472016005895,5
Keith Washington,3,1991-05-11,1998-03-28,1991,1990,1990s,2513,3.4401095140314855,3
Kelis,3,2000-01-22,2006-09-09,2000,2000,2000s,2422,3.3155373032169746,3
Kelly Price,6,1998-08-29,2014-06-21,1998,1990,1990s,5775,3.162217659137577,4
Kelly Rowland,4,2002-11-09,2013-07-06,2002,2000,2000s,3892,3.5519050878393794,3
Kem,5,2003-03-15,2014-09-13,2003,2000,2000s,4200,2.8747433264887063,4
Kendrick Lamar,5,2011-07-16,2017-05-06,2011,2010,2010s,2121,1.4517453798767967,5
Kenny G,17,1984-03-03,2008-02-23,1984,1980,1980s,8757,1.4984599589322383,6
Kenny Lattimore,6,1996-06-01,2016-12-24,1996,1990,1990s,7511,4.112799452429842,3
Kevin Gates,6,2013-08-03,2018-10-13,2013,2010,2010s,1897,1.038740588637919,6
Keyshia Cole,7,2005-07-09,2017-11-11,2005,2000,2000s,4508,2.057038558065252,6
Kid 'N Play,3,1988-12-03,1991-11-09,1988,1980,1980s,1071,1.4661190965092403,3
Kid Cudi,5,2009-10-03,2017-01-07,2009,2000,2000s,2653,1.8158795345653662,5
Kid Ink,5,2012-06-30,2016-01-16,2012,2010,2010s,1295,0.8863791923340179,5
Killarmy,3,1997-08-23,2001-09-29,1997,1990,1990s,1498,2.0506502395619437,3
Killer Mike,5,2003-03-29,2012-06-02,2003,2000,2000s,3353,2.295003422313484,5
Kindred The Family Soul,6,2003-04-19,2016-09-17,2003,2000,2000s,4900,2.6830937713894594,4
King Curtis,5,1967-06-03,1971-08-14,1967,1960,1960s,1533,1.0492813141683779,5
King Tee,4,1989-02-18,1995-04-15,1989,1980,1980s,2247,2.050650239561944,4
Kirk Franklin,7,1998-10-17,2015-12-05,1998,1990,1990s,6258,2.8555783709787814,5
Kleeer,3,1980-04-12,1982-03-13,1980,1980,1980s,700,0.9582477754962354,3
Klique,3,1981-07-25,1985-06-15,1981,1980,1980s,1421,1.945242984257358,3
Klymaxx,3,1985-01-26,1990-07-07,1985,1980,1980s,1988,2.7214236824093088,3
Kodak Black,4,2017-04-22,2018-12-29,2017,2010,2010s,616,0.5621720282911248,4
Kool & The Gang,19,1971-02-27,2007-07-28,1971,1970,1970s,13300,2.022967526047608,13
Kool G Rap & D.J. Polo,3,1989-05-13,1992-12-05,1989,1980,1980s,1302,1.782340862422998,3
Kool Moe Dee,4,1987-04-25,1991-07-20,1987,1980,1980s,1547,1.4118183892311202,4
Krayzie Bone,4,1999-04-24,2015-12-12,1999,1990,1990s,6076,5.545060460871549,3
Kris Kross,3,1992-04-25,1996-01-27,1992,1990,1990s,1372,1.8781656399726214,3
Krizz Kaliko,6,2009-08-01,2016-04-30,2009,2000,2000s,2464,1.3492128678986997,6
Kurtis Blow,7,1980-10-25,1986-11-08,1980,1980,1980s,2205,1.0061601642710472,7
Kurupt,5,1998-10-24,2010-05-08,1998,1990,1990s,4214,2.8843258042436686,4
Kutt Calhoun,3,2010-06-26,2013-03-16,2010,2010,2010s,994,1.3607118412046544,3
LL Cool J,14,1986-01-18,2013-05-18,1986,1980,1980s,9982,2.102248196704049,6
LTD,5,1977-08-06,1981-12-12,1977,1970,1970s,1589,1.0876112251882273,5
Labelle,3,1975-09-27,2008-11-08,1975,1970,1970s,12096,16.55852156057495,2
Lakeside,8,1978-12-23,1987-05-16,1978,1970,1970s,3066,1.1991786447638604,8
Lalah Hathaway,6,1990-09-22,2015-11-21,1990,1990,1990s,9191,5.032717316906228,2
Lamont Dozier,3,1974-01-05,1991-09-07,1974,1970,1970s,6454,8.83504449007529,2
Larry Graham,3,1980-06-28,1982-07-03,1980,1980,1980s,735,1.0061601642710472,3
Ledisi,6,2007-09-15,2015-02-07,2007,2000,2000s,2702,1.4795345653661875,6
Leela James,4,2009-04-11,2017-04-22,2009,2000,2000s,2933,2.6767054528861514,4
Lenny Williams,3,1977-08-06,1979-07-21,1977,1970,1970s,714,0.9774127310061602,3
Leon Haywood,4,1966-07-02,1980-05-24,1966,1960,1960s,5075,4.631530914898471,3
Leroy Hutson,3,1974-03-16,1976-12-18,1974,1970,1970s,1008,1.379876796714579,3
Levert,6,1986-08-30,1997-03-29,1986,1980,1980s,3864,2.115811088295688,5
Lil Baby,3,2017-12-23,2018-12-15,2017,2010,2010s,357,0.4887063655030801,3
Lil Durk,4,2015-06-20,2018-11-24,2015,2010,2010s,1253,1.1435090120921743,4
Lil Jon & The East Side Boyz,5,2001-06-09,2004-11-27,2001,2000,2000s,1267,0.867214236824093,5
Lil Uzi Vert,3,2016-06-18,2017-09-16,2016,2010,2010s,455,0.6228610540725531,3
Lil Wayne,11,1999-11-20,2018-10-13,1999,1990,1990s,6902,1.8896646132785762,6
Lil Wyte,4,2004-11-06,2012-07-07,2004,2000,2000s,2800,2.5553274013232943,4
Lil Yachty,3,2017-06-17,2018-11-03,2017,2010,2010s,504,0.6899383983572895,3
Lil' Boosie,3,2006-11-11,2010-10-16,2006,2000,2000s,1435,1.9644079397672827,3
Lil' Flip,3,2002-09-14,2007-04-14,2002,2000,2000s,1673,2.2902121834360027,3
Lil' Keke,4,1998-04-11,2014-08-02,1998,1990,1990s,5957,5.436459046315309,2
Lil' Kim,4,1996-11-30,2005-10-15,1996,1990,1990s,3241,2.9577914670317136,4
Lil' Mo,3,2001-07-14,2007-09-15,2001,2000,2000s,2254,3.0855578370978782,3
Lil' Romeo,3,2001-07-21,2004-10-09,2001,2000,2000s,1176,1.6098562628336757,3
Lionel Richie,9,1982-10-30,2012-12-08,1982,1980,1980s,10997,3.763518138261465,4
Lisa Lisa And Cult Jam,3,1987-05-16,1991-10-05,1987,1980,1980s,1603,2.194387405886379,3
Lisa Stansfield,3,1990-03-24,1997-08-16,1990,1990,1990s,2702,3.698836413415469,3
Little Brother,3,2005-10-01,2010-05-08,2005,2000,2000s,1680,2.299794661190965,3
Little Milton,4,1965-05-29,1990-06-09,1965,1960,1960s,9142,8.343143965320557,3
Lloyd,5,2004-08-07,2016-12-31,2004,2000,2000s,4529,3.099931553730322,4
Lloyd Banks,3,2004-07-17,2010-12-11,2004,2000,2000s,2338,3.2005475701574264,3
Logic,6,2014-11-08,2018-10-13,2014,2010,2010s,1435,0.785763175906913,6
Lonnie Liston Smith,6,1975-06-07,1990-08-11,1975,1970,1970s,5544,3.035728952772074,5
Loose Ends,4,1985-06-08,1990-12-22,1985,1980,1980s,2023,1.8462240474560803,4
Lost Boyz,3,1996-06-22,1999-10-16,1996,1990,1990s,1211,1.6577686516084873,3
Lou Donaldson,4,1967-11-04,1970-08-15,1967,1960,1960s,1015,0.9263061829796942,4
Lou Rawls,17,1966-04-30,1981-01-24,1966,1960,1960s,5383,0.9211156741957564,11
Love Unlimited,3,1972-04-29,1974-11-02,1972,1970,1970s,917,1.2553045859000684,3
Love Unlimited Orchestra,5,1974-02-23,1976-11-06,1974,1970,1970s,987,0.675564681724846,5
Ludacris,9,2000-11-04,2015-04-18,2000,2000,2000s,5278,1.8062970568104038,7
Luke,5,1992-03-07,2000-04-01,1992,1990,1990s,2947,2.0171115674195756,5
Lupe Fiasco,7,2006-10-07,2018-10-06,2006,2000,2000s,4382,1.9995436915354778,5
Luther Vandross,18,1981-09-19,2012-11-24,1981,1980,1980s,11389,1.8341989773322058,7
Lyfe Jennings,6,2004-09-04,2015-07-11,2004,2000,2000s,3962,2.1694729637234773,5
M.C. Breed,5,1992-06-20,1996-06-01,1992,1990,1990s,1442,0.9869952087611226,5
M.C. Hammer,5,1988-11-26,1995-09-30,1988,1980,1980s,2499,1.7104722792607803,5
M.O.P.,3,1996-11-09,2000-10-28,1996,1990,1990s,1449,1.9835728952772074,3
MAYDAY!,4,2012-04-14,2015-10-10,2012,2010,2010s,1274,1.162673967602099,4
MC Eiht,3,1997-11-29,2000-07-08,1997,1990,1990s,952,1.3032169746748803,3
MC Lyte,4,1989-10-21,1996-09-14,1989,1980,1980s,2520,2.299794661190965,4
MC Ren,4,1992-07-25,1998-07-18,1992,1990,1990s,2184,1.9931553730321696,4
MFSB,5,1973-05-05,1976-07-10,1973,1970,1970s,1162,0.7953456536618754,5
Mac Miller,8,2011-04-16,2018-09-22,2011,2010,2010s,2716,1.0622861054072552,8
Machine Gun Kelly,3,2015-11-07,2018-10-06,2015,2010,2010s,1064,1.4565366187542779,3
Mack 10,8,1995-07-01,2009-10-17,1995,1990,1990s,5222,2.0424366872005475,6
Macy Gray,6,1999-08-28,2014-10-25,1999,1990,1990s,5537,3.031895961670089,4
Madchild,4,2012-09-15,2015-08-15,2012,2010,2010s,1064,0.9710244125028519,4
Magic,3,1998-10-03,2003-04-05,1998,1990,1990s,1645,2.2518822724161534,3
Majid Jordan,3,2014-08-02,2017-11-18,2014,2010,2010s,1204,1.648186173853525,3
Malo,3,1972-03-18,1973-06-16,1972,1970,1970s,455,0.6228610540725531,3
Mandrill,9,1971-04-24,1978-12-16,1971,1970,1970s,2793,0.9558521560574949,9
Margie Joseph,4,1971-02-27,1983-04-02,1971,1970,1970s,4417,4.031028975587497,3
Mariah Carey,19,1990-07-21,2018-12-01,1990,1990,1990s,10360,1.5757852308160318,9
Mario,4,2002-08-10,2009-10-31,2002,2000,2000s,2639,2.408396075747205,4
Marques Houston,6,2003-11-08,2013-09-14,2003,2000,2000s,3598,1.9701574264202601,6
Martha & The Vandellas,3,1967-01-14,1972-04-15,1967,1960,1960s,1918,2.625598904859685,3
Marvin Gaye,20,1965-02-13,2012-12-29,1965,1960,1960s,17486,2.5196873086206275,12
Mary J. Blige,19,1992-08-22,2017-05-20,1992,1990,1990s,9037,1.3745531979618222,8
Mary Mary,6,2000-05-20,2011-04-16,2000,2000,2000s,3983,2.180971937029432,5
Mase,3,1997-11-15,2004-09-11,1997,1990,1990s,2492,3.4113620807665983,3
Mass Production,4,1977-01-29,1980-04-12,1977,1970,1970s,1169,1.0668491900524755,4
Master P,8,1996-05-04,2005-07-09,1996,1990,1990s,3353,1.3114305270362767,8
Mavis Staples,3,2010-10-02,2016-03-12,2010,2010,2010s,1988,2.7214236824093088,3
Maxine Nightingale,3,1976-06-19,1983-01-22,1976,1970,1970s,2408,3.29637234770705,3
Maxwell,6,1996-04-20,2016-07-23,1996,1990,1990s,7399,4.051471594798083,4
Mayer Hawthorne,4,2011-10-22,2016-04-30,2011,2010,2010s,1652,1.5076431667807437,4
Maysa,4,2007-06-09,2015-06-13,2007,2000,2000s,2926,2.670317134382843,4
Maze,3,1979-04-21,1983-05-28,1979,1970,1970s,1498,2.0506502395619437,3
Maze Featuring Frankie Beverly,7,1977-04-30,1993-09-11,1977,1970,1970s,5978,2.727812000912617,5
MeShell Ndegeocello,6,1994-04-02,2014-06-21,1994,1990,1990s,7385,4.043805612594114,4
Meek Mill,6,2012-11-17,2018-12-15,2012,2010,2010s,2219,1.2150581793292266,6
Melba Moore,6,1976-05-22,1986-09-06,1976,1970,1970s,3759,2.0583162217659137,5
Meli'sa Morgan,3,1986-02-15,1992-05-30,1986,1980,1980s,2296,3.143052703627652,3
Memphis Bleek,4,1999-08-21,2005-06-04,1999,1990,1990s,2114,1.9292721879990875,4
Method Man,5,1994-12-03,2015-09-12,1994,1990,1990s,7588,5.193702943189596,3
Michael Henderson,7,1976-12-18,1986-05-03,1976,1970,1970s,3423,1.5619438740588638,7
Michael Jackson,19,1972-02-19,2017-10-21,1972,1970,1970s,16681,2.5372271655639214,5
Michael McDonald,4,1982-09-11,2008-03-22,1982,1980,1980s,9324,8.509240246406572,1
Michelle Williams,3,2002-05-04,2008-10-25,2002,2000,2000s,2366,3.238877481177276,3
Midnight Star,4,1983-07-16,1988-11-05,1983,1980,1980s,1939,1.7695642254163815,4
Migos,5,2014-06-21,2018-02-10,2014,2010,2010s,1330,0.9103353867214237,5
Miguel,4,2010-12-18,2017-12-23,2010,2010,2010s,2562,2.3381245722108144,4
Mike Jones,3,2005-05-07,2009-05-16,2005,2000,2000s,1470,2.0123203285420943,3
Mike Stud,4,2013-05-25,2016-01-30,2013,2010,2010s,980,0.8943645904631531,4
Miki Howard,4,1987-01-24,1992-10-17,1987,1980,1980s,2093,1.9101072324891628,4
Miles Davis,5,1969-11-29,1992-08-22,1969,1960,1960s,8302,5.682409308692677,3
Millie Jackson,13,1973-10-13,1986-11-22,1973,1970,1970s,4788,1.0924024640657084,11
Mindless Behavior,3,2011-10-08,2016-07-16,2011,2010,2010s,1743,2.3860369609856265,3
Minnie Riperton,5,1974-08-31,1980-09-06,1974,1970,1970s,2198,1.5044490075290897,5
Mint Condition,8,1992-02-08,2012-09-29,1992,1990,1990s,7539,2.948665297741273,4
"Missy ""Misdemeanor"" Elliott",4,1997-08-02,2002-11-30,1997,1990,1990s,1946,1.7759525439196897,4
Mo Thugs Family,3,1996-11-23,2000-07-15,1996,1990,1990s,1330,1.8206707734428473,3
Mobb Deep,9,1995-05-13,2014-04-19,1995,1990,1990s,6916,2.3668720054757015,6
Moneybagg Yo,4,2017-09-02,2018-11-17,2017,2010,2010s,441,0.40246406570841886,4
Mongo Santamaria,3,1966-07-30,1969-03-08,1966,1960,1960s,952,1.3032169746748803,3
Monica,7,1995-08-05,2016-01-09,1995,1990,1990s,7462,3.4049737622632903,3
Montell Jordan,4,1995-04-22,1999-11-27,1995,1990,1990s,1680,1.5331964407939767,4
Morris Day,3,1985-10-26,2004-07-10,1985,1980,1980s,6832,9.352498288843258,2
Mos Def,4,1999-10-30,2009-06-27,1999,1990,1990s,3528,3.219712525667351,4
Mozzy,3,2016-07-02,2018-10-20,2016,2010,2010s,840,1.1498973305954825,3
Mtume,4,1980-10-18,1986-07-12,1980,1980,1980s,2093,1.9101072324891628,4
Murs,3,2008-10-18,2015-06-06,2008,2000,2000s,2422,3.3155373032169746,3
Musiq Soulchild,6,2000-12-02,2016-05-07,2000,2000,2000s,5635,3.0855578370978782,4
Mya,4,1998-05-09,2016-03-05,1998,1990,1990s,6510,5.94113620807666,3
Mystikal,6,1995-09-30,2004-08-28,1995,1990,1990s,3255,1.782340862422998,6
N*E*R*D,5,2002-03-30,2018-01-06,2002,2000,2000s,5761,3.943189596167009,4
N.W.A,3,1989-03-11,1991-06-22,1989,1980,1980s,833,1.1403148528405203,3
Najee,6,1987-01-24,2005-09-10,1987,1980,1980s,6804,3.7256673511293634,5
Nancy Wilson,19,1965-02-06,1976-05-15,1965,1960,1960s,4116,0.6260552133242071,17
Nappy Roots,4,2002-03-16,2010-07-03,2002,2000,2000s,3031,2.7661419119324666,4
Narada,4,1979-03-31,1982-06-19,1979,1970,1970s,1176,1.0732375085557837,4
Nas,13,1994-05-07,2018-06-30,1994,1990,1990s,8820,2.0123203285420943,8
Natalie Cole,17,1975-08-23,2008-09-27,1975,1970,1970s,12089,2.0686173853524985,8
Naughty By Nature,5,1991-09-28,2002-05-25,1991,1990,1990s,3892,2.6639288158795345,4
Ne-Yo,7,2006-03-18,2018-06-23,2006,2000,2000s,4480,2.0442619210586357,6
Nelly,9,2000-07-15,2013-10-19,2000,2000,2000s,4844,1.6577686516084873,7
New Edition,7,1983-08-20,2004-11-27,1983,1980,1980s,7770,3.5455167693360714,5
Next,3,1997-10-25,2003-01-04,1997,1990,1990s,1897,2.596851471594798,3
Nice & Smooth,3,1990-04-21,1994-07-16,1990,1990,1990s,1547,2.1177275838466803,3
Nicki Minaj,4,2010-12-11,2018-08-25,2010,2010,2010s,2814,2.568104038329911,4
Nina Simone,8,1965-10-16,1974-02-02,1965,1960,1960s,3031,1.1854893908282,8
Nona Hendryx,3,1983-04-30,1987-06-20,1983,1980,1980s,1512,2.0698151950718686,3
Norman Brown,4,1994-06-04,2007-05-12,1994,1990,1990s,4725,4.312114989733059,2
Norman Connors,7,1975-10-18,1988-05-14,1975,1970,1970s,4592,2.0953684690851015,6
O'Bryan,3,1982-04-03,1984-05-26,1982,1980,1980s,784,1.0732375085557837,3
O.C. Smith,3,1968-07-20,1969-11-08,1968,1960,1960s,476,0.6516084873374401,3
Obie Trice,3,2003-10-11,2012-04-21,2003,2000,2000s,3115,4.264202600958248,3
Ohio Players,14,1972-02-19,1979-04-28,1972,1970,1970s,2625,0.552835255093982,14
Ol' Dirty Bastard,3,1995-04-15,2002-04-06,1995,1990,1990s,2548,3.488021902806297,3
Omarion,4,2005-03-12,2014-12-20,2005,2000,2000s,3570,3.2580424366872003,4
One Way,9,1979-09-15,1986-11-29,1979,1970,1970s,2632,0.9007529089664613,9
Onyx,4,1993-04-17,2002-07-27,1993,1990,1990s,3388,3.0919461556011867,4
Otis Redding,12,1965-04-10,1970-08-15,1965,1960,1960s,1953,0.48609296247899947,12
OutKast,6,1994-05-14,2003-10-11,1994,1990,1990s,3437,1.8819986310746064,6
PARTYNEXTDOOR,4,2013-07-20,2017-06-24,2013,2010,2010s,1435,1.3096052931781885,4
Parliament,9,1974-09-07,1980-12-27,1974,1970,1970s,2303,0.7881587953456537,9
Pastor Troy,11,2001-06-09,2009-05-02,2001,2000,2000s,2884,0.789596167008898,11
Patrice Rushen,6,1979-03-03,1987-04-11,1979,1970,1970s,2961,1.6213552361396304,6
Patti Austin,3,1981-10-10,1986-04-19,1981,1980,1980s,1652,2.2614647501711156,3
Patti LaBelle,19,1966-05-28,2007-12-15,1966,1960,1960s,15176,2.308312419195376,2
Paul Wall,5,2005-10-01,2015-10-17,2005,2000,2000s,3668,2.510609171800137,4
Peabo Bryson,10,1978-02-18,1991-07-06,1978,1970,1970s,4886,1.4863487717697164,8
Peaches & Herb,5,1967-03-18,1979-11-17,1967,1960,1960s,4627,3.1670088980150584,3
Percy Sledge,3,1966-06-04,1968-06-01,1966,1960,1960s,728,0.9965776865160849,3
Persuasions,3,1971-08-07,1972-11-04,1971,1970,1970s,455,0.6228610540725531,3
Pete Rock,3,1998-11-28,2015-07-11,1998,1990,1990s,6069,8.30800821355236,2
Pharoahe Monch,4,1999-11-06,2014-05-03,1999,1990,1990s,5292,4.829568788501027,2
Phil Perry,3,1991-04-27,2008-09-06,1991,1990,1990s,6342,8.681724845995893,1
Philip Bailey,3,1983-09-17,1986-06-07,1983,1980,1980s,994,1.3607118412046544,3
Phoebe Snow,3,1975-06-07,1977-11-26,1975,1970,1970s,903,1.2361396303901437,3
Phora,3,2015-10-31,2017-09-09,2015,2010,2010s,679,0.9295003422313484,3
Phyllis Hyman,7,1979-02-10,1995-11-25,1979,1970,1970s,6132,2.7980835044490076,5
Pieces Of A Dream,4,1981-11-14,1986-08-09,1981,1980,1980s,1729,1.5779146703171343,4
Pimp C,5,2005-03-19,2015-12-26,2005,2000,2000s,3934,2.6926762491444216,4
Pitbull,7,2004-09-11,2012-05-26,2004,2000,2000s,2814,1.2840520191649556,7
Pleasure,5,1976-07-10,1982-05-08,1976,1970,1970s,2128,1.4565366187542779,5
Plies,4,2007-08-25,2010-06-26,2007,2000,2000s,1036,0.945471138489619,4
Poor Righteous Teachers,3,1990-06-16,1993-10-02,1990,1990,1990s,1204,1.648186173853525,3
Pretty Ricky,3,2005-06-11,2009-12-05,2005,2000,2000s,1638,2.242299794661191,3
Prince,26,1978-09-23,2018-10-06,1978,1970,1970s,14623,1.6014236824093087,7
Prince And The Revolution,3,1984-07-14,1986-04-26,1984,1980,1980s,651,0.891170431211499,3
Prodigy,4,2000-12-02,2012-07-21,2000,2000,2000s,4249,3.877709331508099,3
Project Pat,7,1999-10-02,2009-03-14,1999,1990,1990s,3451,1.57472051106548,7
Prozak,3,2012-05-12,2015-10-31,2012,2010,2010s,1267,1.734428473648186,3
Public Enemy,7,1987-06-13,2002-08-10,1987,1980,1980s,5537,2.5265799680584076,6
Pusha T,4,2011-11-26,2018-06-09,2011,2010,2010s,2387,2.178416609628109,4
Q-Tip,3,1999-12-18,2009-10-03,1999,1990,1990s,3577,4.896646132785763,3
Queen Latifah,7,1989-12-09,2009-09-12,1989,1980,1980s,7217,3.293178188455396,4
Quincy Jones,14,1969-12-20,2010-11-27,1969,1960,1960s,14952,3.148949613015321,9
R. Kelly,17,1993-11-27,2016-11-12,1993,1990,1990s,8386,1.4349760438056125,7
RZA As Bobby Digital,3,1998-12-12,2008-07-12,1998,1990,1990s,3500,4.791238877481177,3
Raekwon,4,2004-01-03,2015-05-16,2004,2000,2000s,4151,3.7882728724617842,3
Raheem DeVaughn,5,2005-07-16,2015-03-07,2005,2000,2000s,3521,2.4099931553730323,5
Rakim,3,1997-11-22,2009-12-05,1997,1990,1990s,4396,6.017796030116359,2
Ramsey Lewis,15,1966-02-19,1977-06-04,1966,1960,1960s,4123,0.8062970568104039,13
Randy Crawford,5,1980-06-14,1996-06-15,1980,1980,1980s,5845,4.000684462696783,4
Raphael Saadiq,5,2002-06-29,2011-05-28,2002,2000,2000s,3255,2.2279260780287475,5
Rare Earth,5,1970-01-24,1973-06-30,1970,1970,1970s,1253,0.8576317590691307,5
Ray Charles,22,1965-04-03,2013-10-12,1965,1960,1960s,17724,2.3107460643394937,14
Ray J,3,2001-07-07,2008-04-26,2001,2000,2000s,2485,3.401779603011636,3
Ray Parker Jr.,4,1982-05-08,1987-10-31,1982,1980,1980s,2002,1.8270590919461556,4
"Ray, Goodman & Brown",4,1980-01-19,1987-01-31,1980,1980,1980s,2569,2.344512890714123,4
Ready For The World,3,1985-06-08,1988-10-22,1985,1980,1980s,1232,1.6865160848733745,3
Redman,8,1992-10-24,2015-12-05,1992,1990,1990s,8442,3.3018480492813143,5
Regina Belle,5,1987-07-11,2008-05-31,1987,1980,1980s,7630,5.222450376454483,4
Rene & Angela,3,1981-08-15,1985-07-06,1981,1980,1980s,1421,1.945242984257358,3
"Rev. Martin Luther King, Jr.",3,1968-05-11,1968-06-01,1968,1960,1960s,21,0.028747433264887063,3
"Richard ""Dimples"" Fields",3,1981-07-25,1983-01-29,1981,1980,1980s,553,0.757015742642026,3
"Richard ""Groove"" Holmes",3,1966-05-07,1966-10-08,1966,1960,1960s,154,0.2108145106091718,3
Richard Pryor,8,1974-06-29,1983-11-12,1974,1970,1970s,3423,1.3388090349075976,8
Rick James,13,1978-06-17,2007-06-02,1978,1970,1970s,10577,2.4131873146246865,10
Rick Ross,11,2006-08-26,2017-04-08,2006,2000,2000s,3878,1.061738535249829,10
Rihanna,9,2005-09-17,2016-02-20,2005,2000,2000s,3808,1.3032169746748803,8
Rittz,4,2013-05-18,2017-10-21,2013,2010,2010s,1617,1.4757015742642026,4
Robert Glasper Experiment,4,2012-03-17,2016-10-08,2012,2010,2010s,1666,1.5204198037873604,4
Roberta Flack,11,1970-02-07,2012-02-25,1970,1970,1970s,15358,4.2047912388774815,8
Robin Thicke,6,2006-10-21,2014-07-19,2006,2000,2000s,2828,1.5485284052019164,6
Roger,3,1981-10-03,1987-12-05,1981,1980,1980s,2254,3.0855578370978782,3
Ronnie Dyson,3,1970-09-26,1976-10-23,1970,1970,1970s,2219,3.0376454483230666,3
Ronnie Laws,8,1975-10-11,1985-02-02,1975,1970,1970s,3402,1.3305954825462012,8
Rose Royce,5,1976-10-23,1981-03-07,1976,1970,1970s,1596,1.0924024640657084,5
Roy Ayers,4,1978-08-26,1986-03-08,1978,1970,1970s,2751,2.510609171800137,4
Roy Ayers Ubiquity,5,1976-01-31,1978-03-18,1976,1970,1970s,777,0.5318275154004107,5
Roy Woods,3,2015-08-22,2017-12-23,2015,2010,2010s,854,1.1690622861054072,3
"Royce da 5'9""",6,2002-12-21,2018-05-19,2002,2000,2000s,5628,3.0817248459958932,4
Ruben Studdard,6,2003-12-27,2014-02-22,2003,2000,2000s,3710,2.0314852840520192,5
Rufus,3,1974-06-22,1981-04-11,1974,1970,1970s,2485,3.401779603011636,3
Rufus And Chaka Khan,7,1975-01-04,1983-09-17,1975,1970,1970s,3178,1.4501483002509696,7
Run The Jewels,3,2014-11-08,2017-01-14,2014,2010,2010s,798,1.0924024640657084,3
Run-D.M.C.,7,1984-05-19,2001-04-21,1984,1980,1980s,6181,2.8204426192105863,6
Ryan Leslie,3,2009-02-28,2012-11-10,2009,2000,2000s,1351,1.8494182067077345,3
SPM,5,2000-09-02,2014-10-18,2000,2000,2000s,5159,3.531143052703628,4
SWV,6,1992-11-28,2016-02-27,1992,1990,1990s,8491,4.649418206707734,4
Sade,7,1985-03-02,2010-02-27,1985,1980,1980s,9128,4.16518366415697,4
Saigon,3,2009-10-24,2012-11-24,2009,2000,2000s,1127,1.5427789185489391,3
Salt-N-Pepa,5,1987-04-25,1997-11-08,1987,1980,1980s,3850,2.6351813826146473,4
Sam & Dave,4,1966-07-30,1968-12-07,1966,1960,1960s,861,0.7857631759069131,4
Sammie,3,2000-04-01,2016-12-03,2000,2000,2000s,6090,8.336755646817249,2
Santana,10,1970-01-17,1981-05-09,1970,1970,1970s,4130,1.2563693056506198,9
ScHoolboy Q,4,2011-01-29,2016-07-30,2011,2010,2010s,2009,1.833447410449464,4
Scarface,12,1991-11-09,2015-09-26,1991,1990,1990s,8722,2.1708667786696534,6
Sean Paul,3,2002-11-30,2009-09-05,2002,2000,2000s,2471,3.382614647501711,3
Sergio Mendes,4,1968-06-22,2006-03-04,1968,1960,1960s,13769,12.5658224960073,2
Shabba Ranks,4,1991-09-21,1995-07-01,1991,1990,1990s,1379,1.2584987451517227,4
Shaggy,4,1995-07-29,2011-08-06,1995,1990,1990s,5852,5.340634268765686,3
Shalamar,8,1977-06-04,1987-10-31,1977,1970,1970s,3801,1.486652977412731,7
Shanice,3,1991-12-21,2006-03-11,1991,1990,1990s,5194,7.110198494182067,2
Shaquille O'Neal,4,1993-11-13,1998-10-03,1993,1990,1990s,1785,1.6290212183436001,4
Sharon Jones And The Dap-Kings,3,2010-04-24,2015-11-21,2010,2010,2010s,2037,2.7885010266940453,3
Sheek Louch,5,2003-10-04,2011-01-01,2003,2000,2000s,2646,1.811088295687885,5
Sheila E.,3,1984-07-14,1987-04-04,1984,1980,1980s,994,1.3607118412046544,3
Shirley Bassey,3,1970-12-05,1973-11-03,1970,1970,1970s,1064,1.4565366187542779,3
Shirley Murdock,3,1986-12-06,1991-08-03,1986,1980,1980s,1701,2.328542094455852,3
Silk,7,1992-12-05,2016-04-09,1992,1990,1990s,8526,3.890485968514716,4
Silkk The Shocker,5,1996-09-07,2004-09-25,1996,1990,1990s,2940,2.0123203285420943,5
Sir Mix-A-Lot,4,1988-10-15,1994-08-06,1988,1980,1980s,2121,1.9356605065023957,4
Sister Sledge,5,1979-03-03,1983-06-11,1979,1970,1970s,1561,1.0684462696783026,5
Skyy,7,1979-07-07,1989-04-29,1979,1970,1970s,3584,1.6354095368469084,7
Slaine,3,2011-09-03,2014-09-06,2011,2010,2010s,1099,1.5044490075290897,3
Slaughterhouse,3,2009-08-29,2012-09-15,2009,2000,2000s,1113,1.5236139630390144,3
Slave,7,1977-04-09,1983-10-15,1977,1970,1970s,2380,1.0860141455624002,7
Slick Rick,4,1989-01-28,1999-06-12,1989,1980,1980s,3787,3.456080310289756,3
Slim Thug,7,2005-07-30,2016-08-27,2005,2000,2000s,4046,1.8462240474560803,5
Slum Village,4,2002-08-31,2015-07-04,2002,2000,2000s,4690,4.280173397216518,3
Sly & The Family Stone,7,1968-05-04,1979-11-10,1968,1960,1960s,4207,1.919689710244125,6
Smokey Robinson,21,1973-08-04,2014-09-06,1973,1970,1970s,15008,2.054483230663929,11
Smokie Norful,6,2003-08-16,2011-04-16,2003,2000,2000s,2800,1.5331964407939767,6
Snoop Dogg,16,1996-11-30,2017-06-10,1996,1990,1990s,7497,1.3683778234086243,7
Solange,4,2003-02-08,2016-10-22,2003,2000,2000s,5005,4.5676477298653895,3
Soul II Soul,3,1989-07-15,1992-06-13,1989,1980,1980s,1064,1.4565366187542779,3
Soundtrack,237,1967-11-18,2018-12-29,1967,1960,1960s,18669,0.21658023874986948,17
Special Ed,3,1989-05-27,1995-07-15,1989,1980,1980s,2240,3.0663928815879533,3
Spice 1,6,1992-06-13,1999-10-30,1992,1990,1990s,2695,1.4757015742642026,6
Spyro Gyra,5,1979-08-18,1982-11-27,1979,1970,1970s,1197,0.8193018480492813,5
Stacy Lattisaw,7,1980-06-21,1990-02-10,1980,1980,1980s,3521,1.6066621035820214,7
Stanley Clarke,5,1975-11-15,1982-09-04,1975,1970,1970s,2485,1.700889801505818,5
Stanley Turrentine,10,1966-12-31,1976-12-04,1966,1960,1960s,3626,1.1030496615712222,10
Starlito,4,2013-07-20,2015-12-26,2013,2010,2010s,889,0.8113164499201461,4
Starpoint,5,1981-05-16,1987-04-25,1981,1980,1980s,2170,1.485284052019165,5
Statik Selektah,3,2011-11-12,2014-09-06,2011,2010,2010s,1029,1.408624229979466,3
Stephanie Mills,11,1979-06-02,2004-08-21,1979,1970,1970s,9212,2.522108145106092,8
Stevie Stone,3,2012-11-10,2015-07-18,2012,2010,2010s,980,1.3415468856947297,3
Stevie Wonder,24,1966-05-28,2007-09-29,1966,1960,1960s,15099,1.797339523256852,13
Styles P,7,2007-01-06,2015-09-19,2007,2000,2000s,3178,1.4501483002509696,7
Surface,3,1987-05-16,1990-12-15,1987,1980,1980s,1309,1.7919233401779604,3
Switch,4,1978-09-16,1980-11-29,1978,1970,1970s,805,0.7346566278804473,4
Syleena Johnson,4,2001-06-02,2014-11-15,2001,2000,2000s,4914,4.484599589322381,3
Sylvester,3,1978-08-26,1983-02-26,1978,1970,1970s,1645,2.2518822724161534,3
T-Connection,6,1977-05-28,1982-03-27,1977,1970,1970s,1764,0.9659137577002053,6
T-Pain,4,2005-12-24,2011-12-24,2005,2000,2000s,2191,1.9995436915354778,4
T.I.,14,2001-10-27,2018-10-20,2001,2000,2000s,6202,1.3061654293687148,8
TLC,7,1992-03-28,2017-07-22,1992,1990,1990s,9247,4.21948437143509,3
Talib Kweli,7,2002-12-07,2014-07-12,2002,2000,2000s,4235,1.9324663472507415,5
Tamar Braxton,4,2013-09-21,2017-10-21,2013,2010,2010s,1491,1.3607118412046544,4
Tamia,6,1998-05-02,2015-06-27,1998,1990,1990s,6265,3.430527036276523,4
Tank,8,2001-03-31,2017-10-21,2001,2000,2000s,6048,2.3655030800821355,4
Tavares,8,1974-02-16,1982-10-09,1974,1970,1970s,3157,1.2347707049965777,8
Tech N9ne,16,2002-10-12,2018-03-17,2002,2000,2000s,5635,1.028519279032626,9
Tech N9ne Collabos,8,2007-08-04,2017-11-04,2007,2000,2000s,3745,1.4647501711156743,7
Teddy Pendergrass,14,1977-03-26,1997-05-03,1977,1970,1970s,7343,1.5464644869162323,10
Tee Grizzley,3,2017-04-29,2018-11-24,2017,2010,2010s,574,0.785763175906913,3
Teena Marie,13,1979-06-16,2013-02-02,1979,1970,1970s,12285,2.802874743326489,8
Tela,4,1996-11-23,2002-10-26,1996,1990,1990s,2163,1.973990417522245,4
Tevin Campbell,4,1991-12-21,1999-03-13,1991,1990,1990s,2639,2.408396075747205,4
Tha Alkaholiks,3,1993-09-11,1997-09-13,1993,1990,1990s,1463,2.002737850787132,3
Tha Dogg Pound,4,1995-11-11,2007-04-14,1995,1990,1990s,4172,3.807437827971709,2
The 2 Live Crew,5,1987-04-04,1996-08-24,1987,1980,1980s,3430,2.347707049965777,5
The 5th Dimension,9,1967-07-29,1975-09-27,1967,1960,1960s,2982,1.0205338809034907,9
The Beatnuts,4,1994-07-09,2001-04-07,1994,1990,1990s,2464,2.248688113164499,4
The Black Eyed Peas,5,1998-07-18,2009-06-27,1998,1990,1990s,3997,2.7357973990417523,4
The Blackbyrds,7,1974-07-06,1981-02-21,1974,1970,1970s,2422,1.1051791010723249,7
The Brand New Heavies,3,1991-08-10,1997-05-31,1991,1990,1990s,2121,2.9034907597535935,3
The Brothers Johnson,7,1976-03-20,1984-08-11,1976,1970,1970s,3066,1.3990417522245038,7
The Chambers Brothers,4,1968-02-03,1971-03-27,1968,1960,1960s,1148,1.0476842345425508,4
The Chi-lites,8,1969-09-20,1983-05-14,1969,1960,1960s,4984,1.949349760438056,6
The Crusaders,16,1968-08-03,1984-05-05,1968,1960,1960s,5754,1.050239561943874,11
The Dayton Family,3,1995-06-10,2002-06-08,1995,1990,1990s,2555,3.4976043805612593,3
The Deele,3,1984-01-07,1988-02-13,1984,1980,1980s,1498,2.0506502395619437,3
The Delfonics,6,1968-06-08,1974-05-18,1968,1960,1960s,2170,1.188227241615332,6
The Dells,13,1968-05-25,1980-09-06,1968,1960,1960s,4487,1.023728040155145,12
The Dramatics,10,1972-01-15,1982-06-26,1972,1970,1970s,3815,1.1605445281009963,9
The Emotions,6,1976-08-28,1984-05-19,1976,1970,1970s,2821,1.5446954140999316,6
The Fatback Band,9,1976-02-14,1983-04-16,1976,1970,1970s,2618,0.8959616700889802,9
The Five Stairsteps,5,1967-03-04,1976-04-10,1967,1960,1960s,3325,2.275838466803559,5
The Foreign Exchange,3,2010-10-30,2015-09-12,2010,2010,2010s,1778,2.433949349760438,3
The Friends Of Distinction,3,1969-05-10,1970-04-11,1969,1960,1960s,336,0.459958932238193,3
The Game,14,2004-11-06,2016-11-05,2004,2000,2000s,4382,0.9228663191702206,10
The Gap Band,9,1979-05-12,1989-12-23,1979,1970,1970s,3878,1.327173169062286,8
The Impressions,14,1965-01-30,1976-03-20,1965,1960,1960s,4067,0.8565260885589427,12
The Intruders,3,1968-01-13,1973-06-02,1968,1960,1960s,1967,2.6926762491444216,3
The Isley Brothers,24,1966-07-16,2004-09-11,1966,1960,1960s,13937,1.6590185400113084,10
The Isley Brothers Featuring Ronald Isley,6,1989-09-09,2007-12-22,1989,1980,1980s,6678,3.656673511293634,2
The Jackson 5,5,1970-01-17,1972-06-10,1970,1970,1970s,875,0.5989048596851472,5
The Jacksons,9,1971-10-16,1989-07-01,1971,1970,1970s,6468,2.213552361396304,7
The Jimi Hendrix Experience,3,1968-02-17,1969-09-13,1968,1960,1960s,574,0.785763175906913,3
The Jones Girls,3,1979-06-09,1981-12-19,1979,1970,1970s,924,1.264887063655031,3
The Lox,5,1998-01-24,2017-01-07,1998,1990,1990s,6923,4.738535249828884,2
The Main Ingredient,7,1971-03-13,1975-12-13,1971,1970,1970s,1736,0.7921514944102213,7
The Manhattans,10,1966-03-26,1983-08-06,1966,1960,1960s,6342,1.9292721879990873,3
The Meters,3,1969-07-26,1970-07-25,1969,1960,1960s,364,0.49828884325804246,3
The Miracles,17,1966-12-17,1977-03-26,1966,1960,1960s,3752,0.6420260095824778,16
The Moments,5,1969-09-20,1977-02-05,1969,1960,1960s,2695,1.8446269678302532,5
The New Birth,7,1972-06-17,1977-11-19,1972,1970,1970s,1981,0.9039470682181155,7
The Notorious B.I.G.,4,1994-10-01,2006-01-07,1994,1990,1990s,4116,3.756331279945243,3
The O'Jays,23,1972-08-26,2004-10-16,1972,1970,1970s,11739,1.4608922904610788,12
The Persuaders,3,1972-04-15,1974-08-03,1972,1970,1970s,840,1.1498973305954825,3
The Pointer Sisters,11,1973-09-01,1986-12-27,1973,1970,1970s,4865,1.3319644079397672,8
The Rascals,4,1967-03-11,1969-04-12,1967,1960,1960s,763,0.6963267168605977,4
The Reddings,4,1980-11-29,1985-05-25,1980,1980,1980s,1638,1.4948665297741275,4
The Righteous Brothers,4,1965-01-30,1966-05-07,1965,1960,1960s,462,0.4216290212183436,4
The Ritchie Family,3,1975-11-08,1982-07-10,1975,1970,1970s,2436,3.3347022587268995,3
The Roots,11,1995-02-04,2014-06-07,1995,1990,1990s,7063,1.933744010951403,6
The S.O.S. Band,6,1980-06-28,1986-05-24,1980,1980,1980s,2156,1.1805612594113621,6
The Salsoul Orchestra,3,1975-12-27,1977-01-08,1975,1970,1970s,378,0.5174537987679672,3
The Soul Children,3,1969-10-11,1974-09-07,1969,1960,1960s,1792,2.4531143052703626,3
The Sounds Of Blackness,4,1991-06-29,1997-05-24,1991,1990,1990s,2156,1.9676020990189367,4
The Spinners,9,1973-04-28,1981-12-26,1973,1970,1970s,3164,1.0828199863107462,9
The Staple Singers,6,1971-04-03,1976-09-18,1971,1970,1970s,1995,1.0924024640657084,6
The Stylistics,9,1971-12-04,1980-10-25,1971,1970,1970s,3248,1.111567419575633,9
The Supremes,21,1965-01-30,1976-05-22,1965,1960,1960s,4130,0.5653661875427789,20
The Supremes & Four Tops,3,1970-10-31,1972-02-05,1970,1970,1970s,462,0.6324435318275154,3
The Sylvers,5,1973-01-20,1978-10-21,1973,1970,1970s,2100,1.4373716632443532,5
The System,3,1983-03-12,1987-03-28,1983,1980,1980s,1477,2.021902806297057,3
The Temptations,40,1965-03-27,2010-12-04,1965,1960,1960s,16688,1.1715193316836028,19
The Three Degrees,4,1970-08-15,1976-01-10,1970,1970,1970s,1974,1.8015058179329226,4
The Time,4,1981-09-12,1990-08-04,1981,1980,1980s,3248,2.9641797855350216,4
The Trammps,4,1975-06-14,1977-12-10,1975,1970,1970s,910,0.8304814054300708,4
The Undisputed Truth,3,1971-07-24,1974-10-12,1971,1970,1970s,1176,1.6098562628336757,3
The Weeknd,6,2012-12-01,2018-04-14,2012,2010,2010s,1960,1.0732375085557837,6
The Whispers,17,1972-05-06,2009-11-07,1972,1970,1970s,13699,2.344113620807666,10
The-Dream,7,2007-12-29,2016-12-31,2007,2000,2000s,3290,1.5012548482774355,7
Thelma Houston,3,1977-01-22,1985-02-02,1977,1970,1970s,2933,4.015058179329227,3
Third World,3,1979-01-13,1989-07-22,1979,1970,1970s,3843,5.260780287474333,2
Three 6 Mafia,7,1997-11-22,2008-07-12,1997,1990,1990s,3885,1.7727583846680357,5
Thundercat,3,2013-06-22,2017-03-18,2013,2010,2010s,1365,1.8685831622176592,3
Timbaland,3,1998-12-12,2009-12-26,1998,1990,1990s,4032,5.519507186858316,2
Timbaland & Magoo,3,1997-11-29,2003-12-06,1997,1990,1990s,2198,3.0088980150581794,3
Tina Turner,7,1975-10-18,2008-10-18,1975,1970,1970s,12054,5.500342231348391,2
Tinashe,3,2014-10-25,2018-04-28,2014,2010,2010s,1281,1.7535934291581108,3
Tom Browne,4,1980-08-23,1983-11-26,1980,1980,1980s,1190,1.0860141455624002,4
Toni Braxton,7,1993-07-31,2018-04-07,1993,1990,1990s,9016,4.114077116130504,4
Tony Toni Tone,4,1988-05-21,1996-12-07,1988,1980,1980s,3122,2.8491900524754734,4
Too $hort,16,1989-03-11,2012-03-17,1989,1980,1980s,8407,1.5344741044946384,6
Top Authority,3,1994-03-05,1997-11-08,1994,1990,1990s,1344,1.839835728952772,3
Tory Lanez,3,2016-09-10,2018-11-10,2016,2010,2010s,791,1.0828199863107462,3
Tower Of Power,9,1972-07-22,1979-09-01,1972,1970,1970s,2597,0.8887748117727584,9
Trae,3,2006-08-12,2011-07-30,2006,2000,2000s,1813,2.4818617385352497,3
Travis Scott,3,2015-09-26,2018-08-18,2015,2010,2010s,1057,1.4469541409993156,3
Trey Songz,10,2005-08-13,2018-12-15,2005,2000,2000s,4872,1.4820898927675108,8
Trick Daddy,7,1999-01-23,2009-10-03,1999,1990,1990s,3906,1.7823408624229982,6
Trin-i-tee 5:7,4,1998-08-01,2011-06-18,1998,1990,1990s,4704,4.292950034223135,3
Trina,5,2000-04-08,2010-05-22,2000,2000,2000s,3696,2.529774127310062,4
Trippie Redd,4,2017-10-28,2018-11-24,2017,2010,2010s,392,0.35774583618526123,4
Troop,3,1988-08-06,1992-07-04,1988,1980,1980s,1428,1.9548254620123204,3
Tru,4,1995-08-12,2005-03-12,1995,1990,1990s,3500,3.1941592516541184,4
Turk,3,2001-06-23,2004-05-15,2001,2000,2000s,1057,1.4469541409993156,3
Tweet,4,2002-04-20,2016-03-19,2002,2000,2000s,5082,4.63791923340178,2
Twista,7,1997-07-12,2014-08-30,1997,1990,1990s,6258,2.8555783709787814,3
Ty Dolla $ign,4,2014-02-08,2017-11-18,2014,2010,2010s,1379,1.2584987451517227,4
Tyga,5,2008-06-28,2015-09-19,2008,2000,2000s,2639,1.8062970568104038,5
"Tyler, The Creator",4,2011-05-28,2017-08-12,2011,2010,2010s,2268,2.0698151950718686,4
Tyrese,6,1999-01-09,2015-08-01,1999,1990,1990s,6048,3.3117043121149896,4
Tyrone Davis,14,1969-03-29,1991-06-08,1969,1960,1960s,8106,1.7071552677302164,8
UGK,6,1994-09-17,2009-04-18,1994,1990,1990s,5327,2.9169062286105407,4
UTFO,4,1985-06-15,1989-06-17,1985,1980,1980s,1463,1.3351585671914215,4
Usher,10,1994-09-17,2016-10-08,1994,1990,1990s,8057,2.45098486576926,5
Van Hunt,3,2004-03-13,2015-05-23,2004,2000,2000s,4088,5.596167008898015,2
Van Mccoy,3,1975-05-17,1976-05-22,1975,1970,1970s,371,0.5078713210130048,3
Vanessa Williams,6,1988-07-09,2009-06-20,1988,1980,1980s,7651,4.189459274469542,5
Various Artists,226,1966-04-23,2018-12-15,1966,1960,1960s,19229,0.2339828123811697,20
Village People,4,1977-11-12,1979-04-21,1977,1970,1970s,525,0.4791238877481177,4
Vince Staples,5,2014-10-25,2018-11-17,2014,2010,2010s,1484,1.0157426420260096,5
Vinnie Paz,3,2012-11-10,2016-11-19,2012,2010,2010s,1470,2.0123203285420943,3
Vivian Green,5,2002-11-30,2015-08-29,2002,2000,2000s,4655,3.186173853524983,4
WC,4,1998-05-16,2011-03-26,1998,1990,1990s,4697,4.286561715719826,3
Wale,5,2009-11-28,2017-05-20,2009,2000,2000s,2730,1.8685831622176592,5
Walter Jackson,3,1967-05-13,1977-04-23,1967,1960,1960s,3633,4.973305954825462,3
War,13,1971-12-04,2014-06-07,1971,1970,1970s,15526,3.542322610084417,10
Warren G,6,1994-06-25,2015-08-29,1994,1990,1990s,7735,4.235455167693361,4
Watsky,3,2013-03-30,2016-09-10,2013,2010,2010s,1260,1.7248459958932238,3
Weather Report,4,1974-07-20,1977-06-04,1974,1970,1970s,1050,0.9582477754962354,4
Webbie,5,2005-07-23,2016-06-11,2005,2000,2000s,3976,2.7214236824093088,4
Wes Montgomery,6,1966-03-26,1968-12-21,1966,1960,1960s,1001,0.5481177275838467,6
Whitney Houston,10,1985-04-20,2014-11-29,1985,1980,1980s,10815,3.289984029203742,4
Whodini,3,1984-11-17,1987-10-24,1984,1980,1980s,1071,1.4661190965092403,3
Will Downing,14,1991-05-11,2016-07-30,1991,1990,1990s,9212,1.9400831885431475,5
Will Smith,4,1997-12-13,2005-04-16,1997,1990,1990s,2681,2.4467259867670546,4
William Bell,3,1977-04-09,2016-06-25,1977,1970,1970s,14322,19.60574948665298,2
Willie D,3,1992-10-17,2000-11-11,1992,1990,1990s,2947,4.034223134839151,3
Willie Hutch,6,1973-05-26,1977-06-25,1973,1970,1970s,1491,0.8164271047227926,6
Wilson Pickett,12,1965-10-30,1973-10-20,1965,1960,1960s,2912,0.7247837720116981,12
Wilton Felder,3,1979-01-13,1985-03-09,1979,1970,1970s,2247,3.075975359342916,3
Wiz Khalifa,7,2009-12-12,2018-07-28,2009,2000,2000s,3150,1.4373716632443532,7
Wu-Tang,3,2009-07-18,2017-11-04,2009,2000,2000s,3031,4.1492128678987,3
Wu-Tang Clan,7,1993-11-27,2014-12-20,1993,1990,1990s,7693,3.5103810175678762,4
Wyclef Jean,4,2000-09-09,2007-12-22,2000,2000,2000s,2660,2.4275610312571296,4
XXXTENTACION,4,2017-06-03,2018-12-22,2017,2010,2010s,567,0.5174537987679672,4
Xscape,3,1993-10-30,1998-05-30,1993,1990,1990s,1673,2.2902121834360027,3
Xzibit,7,1996-11-02,2012-10-27,1996,1990,1990s,5838,2.6639288158795345,5
YFN Lucci,3,2016-03-19,2018-03-24,2016,2010,2010s,735,1.0061601642710472,3
YG,4,2014-04-05,2018-08-18,2014,2010,2010s,1596,1.4565366187542779,4
Yarbrough & Peoples,4,1981-01-10,1986-02-08,1981,1980,1980s,1855,1.6929044033766827,4
YelaWolf,4,2010-12-11,2017-11-18,2010,2010,2010s,2534,2.3125712981975814,4
Ying Yang Twins,7,2002-04-13,2008-09-13,2002,2000,2000s,2345,1.0700433493041295,7
Yo Gotti,7,2006-06-10,2017-11-18,2006,2000,2000s,4179,1.9069130732375086,5
Yo-Yo,3,1991-04-27,1993-07-10,1991,1990,1990s,805,1.1019849418206709,3
Yolanda Adams,7,2000-05-27,2011-05-28,2000,2000,2000s,4018,1.833447410449464,6
Young Buck,4,2004-09-11,2010-09-25,2004,2000,2000s,2205,2.0123203285420943,4
Young Dolph,7,2016-03-12,2018-10-06,2016,2010,2010s,938,0.42801733972165185,7
Young Dro,3,2006-09-16,2015-10-10,2006,2000,2000s,3311,4.532511978097194,3
Young Jeezy,4,2005-08-13,2012-01-07,2005,2000,2000s,2338,2.133698380104951,4
Young Thug,6,2015-05-02,2018-10-06,2015,2010,2010s,1253,0.6861054072553046,6
YoungBloodZ,3,1999-10-30,2005-12-31,1999,1990,1990s,2254,3.0855578370978782,3
YoungBoy Never Broke Again,5,2017-08-26,2018-10-06,2017,2010,2010s,406,0.2778918548939083,5
Yukmouth,4,1999-03-13,2003-08-23,1999,1990,1990s,1624,1.4820898927675108,4
Z-Ro,12,2004-03-13,2016-12-03,2004,2000,2000s,4648,1.1568664053263642,9
Z.Z. Hill,4,1982-03-20,1984-11-24,1982,1980,1980s,980,0.8943645904631531,4
Zapp,5,1980-09-27,1989-10-28,1980,1980,1980s,3318,2.271047227926078,5
blackbear,6,2015-02-28,2017-12-16,2015,2010,2010s,1022,0.5596167008898015,6
dead prez,3,2000-04-01,2004-04-17,2000,2000,2000s,1477,2.021902806297057,3
